k,MMR min,MMR avg,MMR max,MMR σ (est.),Loss min,Loss avg,Loss max,Loss σ (est.)
0,20,20,20,0,1.59,2.88,5.6,1.2
1,20,20,20,0,1.59,2.88,5.6,1.2
2,20,20,20,0,1.59,2.81,5.6,1.15
3,20,20,20,0,1.59,2.83,5.6,1.14
4,20,20,20,0,0.22,2.82,5.6,1.49
5,20,20,20,0,0.22,2.82,5.6,1.49
6,20,20,20,0,0.22,2.86,5.6,1.4
7,20,20,20,0,0.97,2.86,5.6,1.32
8,20,20,20,0,1.3,2.84,5.6,1.31
9,20,20,20,0,0.22,2.7,5.6,1.43
10,20,20,20,0,0.22,2.72,5.6,1.43
11,20,20,20,0,0.22,2.65,5.6,1.49
12,20,20,20,0,0.22,2.64,5.6,1.49
13,20,20,20,0,0.22,2.48,5.6,1.61
14,20,20,20,0,0.22,2.49,6.22,1.81
15,20,20,20,0,0.22,2.46,6.22,1.81
16,19.89,19.99,20,0.04,0.22,2.23,6.22,1.79
17,19.89,19.99,20,0.04,0.22,2.24,6.22,1.78
18,19.86,19.98,20,0.05,0.22,2.58,6.22,1.82
19,19.86,19.97,20,0.05,0.22,2.58,6.22,1.82
20,19.86,19.97,20,0.05,0.22,2.83,6.22,1.95
21,19.86,19.97,20,0.05,0.22,2.83,6.22,1.95
22,19.86,19.97,20,0.05,0.22,3.01,6.22,2.08
23,19.86,19.97,20,0.05,0.9,3.25,6.22,1.56
24,19.85,19.96,20,0.06,0.9,3.26,5.94,1.5
25,19.85,19.96,20,0.06,0.9,3.26,5.94,1.5
26,19.85,19.96,20,0.06,0.9,3.26,5.94,1.5
27,19.85,19.96,20,0.07,1.96,3.53,5.94,1.25
28,19.8,19.94,20,0.08,1.72,3.5,5.94,1.28
29,19.8,19.94,20,0.08,0,3.06,5.94,1.82
30,19.8,19.94,20,0.08,0,3.06,5.94,1.82
31,19.8,19.94,20,0.08,0,3.09,5.94,1.76
32,19.8,19.92,20,0.08,0,2.93,5.94,1.63
33,19.8,19.92,20,0.08,0,2.93,5.94,1.63
34,19.8,19.91,20,0.08,0,3.15,5.94,1.59
35,19.79,19.91,20,0.08,0,3.15,5.94,1.59
36,19.79,19.87,20,0.07,0,3.19,5.94,1.57
37,19.79,19.87,20,0.07,0,3.19,5.94,1.57
38,19.79,19.86,20,0.06,0,3.16,5.94,1.57
39,19.79,19.86,20,0.06,0,3.16,5.94,1.57
40,19.79,19.84,19.89,0.03,0.54,3.22,5.94,1.45
41,19.79,19.84,19.89,0.03,0.22,3.07,5.94,1.68
42,19.79,19.84,19.89,0.03,0.22,3.07,5.94,1.68
43,19.79,19.84,19.89,0.03,0.22,3.07,5.94,1.68
44,19.79,19.83,19.89,0.03,0.22,3.07,5.94,1.68
45,19.79,19.83,19.89,0.03,0.22,3.1,6.22,1.74
46,19.79,19.83,19.89,0.03,0.22,3.1,6.22,1.74
47,19.76,19.82,19.89,0.04,0.22,3.1,6.22,1.74
48,19.76,19.82,19.89,0.04,0.22,3.1,6.22,1.74
49,19.76,19.82,19.89,0.04,0.22,3.1,6.22,1.74
50,19.76,19.82,19.89,0.04,0.22,3.1,6.22,1.74
51,19.6,19.8,19.89,0.08,0.22,3.1,6.22,1.74
52,19.6,19.8,19.89,0.08,0.22,3.1,6.22,1.74
53,19.6,19.8,19.89,0.08,0.22,3.1,6.22,1.74
54,19.6,19.79,19.89,0.08,0.22,3.1,6.22,1.74
55,19.6,19.77,19.85,0.09,0.22,3.26,6.22,1.84
56,19.6,19.77,19.85,0.09,0.22,3.26,6.22,1.84
57,19.6,19.76,19.85,0.09,0.22,3.26,6.22,1.84
58,19.6,19.74,19.85,0.1,0.22,3.26,6.22,1.84
59,19.59,19.74,19.85,0.1,0.22,3.26,6.22,1.84
60,19.59,19.74,19.85,0.1,0.22,2.99,4.99,1.53
61,19.59,19.74,19.85,0.1,0.22,2.99,4.99,1.53
62,19.59,19.74,19.85,0.1,0.22,2.99,4.99,1.53
63,19.59,19.73,19.85,0.1,0.22,2.99,4.99,1.53
64,19.59,19.73,19.85,0.1,0.22,2.99,4.99,1.53
65,19.58,19.71,19.85,0.1,0.22,2.99,4.99,1.53
66,19.58,19.69,19.84,0.09,0,2.93,4.99,1.63
67,19.58,19.69,19.84,0.09,0.08,2.94,4.99,1.61
68,19.58,19.69,19.84,0.09,0.08,2.94,4.99,1.61
69,19.47,19.66,19.84,0.1,0,2.93,4.99,1.63
70,19.47,19.65,19.84,0.11,0,2.85,4.99,1.67
71,19.47,19.63,19.84,0.12,0,2.85,4.99,1.67
72,19.43,19.63,19.84,0.12,0,2.85,4.99,1.67
73,19.43,19.62,19.84,0.12,0,3.34,6.22,1.93
74,19.42,19.62,19.84,0.12,0,3.34,6.22,1.93
75,19.01,19.54,19.84,0.22,0,3.21,6.22,1.93
76,19.01,19.52,19.83,0.22,0,2.94,4.99,1.63
77,19.01,19.52,19.83,0.22,0,2.94,4.99,1.63
78,19.01,19.52,19.83,0.22,0,2.94,4.99,1.63
79,19.01,19.52,19.83,0.22,0,2.94,4.99,1.63
80,19.01,19.52,19.83,0.22,0,2.94,4.99,1.63
81,19.01,19.49,19.83,0.23,0,2.94,4.99,1.63
82,19.01,19.49,19.83,0.23,0,2.94,4.99,1.63
83,18.99,19.48,19.83,0.24,0,2.94,4.99,1.63
84,18.99,19.48,19.83,0.24,0,2.94,4.99,1.63
85,18.99,19.47,19.73,0.23,0,2.97,4.99,1.64
86,18.99,19.46,19.73,0.23,0,2.97,4.99,1.64
87,18.84,19.43,19.72,0.27,0,2.97,4.99,1.64
88,18.81,19.38,19.7,0.26,0,2.97,4.99,1.64
89,18.81,19.37,19.69,0.26,0,2.97,4.99,1.64
90,18.81,19.37,19.69,0.25,0,2.97,4.99,1.64
91,18.77,19.36,19.69,0.26,0,2.97,4.99,1.64
92,18.77,19.36,19.69,0.26,0,2.97,4.99,1.64
93,18.77,19.25,19.53,0.21,0,2.9,5.2,1.81
94,18.77,19.23,19.53,0.23,0,2.9,5.2,1.81
95,18.77,19.22,19.53,0.23,0,2.9,5.2,1.81
96,18.71,19.16,19.53,0.28,0,2.61,5.2,1.93
97,18.71,19.16,19.53,0.28,0,2.61,5.2,1.93
98,18.71,19.16,19.53,0.28,0,2.61,5.2,1.93
99,18.7,19.13,19.4,0.26,0,2.61,5.2,1.93
100,18.7,19.12,19.4,0.26,0,2.88,6.22,2.24
101,18.67,19.11,19.4,0.26,0,2.88,6.22,2.24
102,18.67,19.06,19.4,0.27,0,2.88,6.22,2.24
103,18.67,19.06,19.38,0.26,0,2.88,6.22,2.24
104,18.66,19.06,19.38,0.26,0,2.88,6.22,2.24
105,18.66,19.02,19.38,0.25,0,2.88,6.22,2.24
106,18.59,18.98,19.38,0.29,0,2.64,6.22,2.11
107,18.59,18.98,19.38,0.29,0,2.64,6.22,2.11
108,18.59,18.98,19.38,0.29,0,2.64,6.22,2.11
109,18.55,18.96,19.38,0.3,0.22,2.7,6.22,2.04
110,18.54,18.95,19.38,0.31,0.22,2.7,6.22,2.04
111,18.49,18.94,19.38,0.33,0.22,2.7,6.22,2.04
112,18.48,18.9,19.38,0.34,0,2.18,6.22,1.99
113,18.48,18.87,19.38,0.32,0,2.12,6.22,2.05
114,18.43,18.86,19.38,0.32,0,2.12,6.22,2.05
115,18.43,18.85,19.35,0.32,0,1.85,4.26,1.57
116,18.1,18.77,19.34,0.44,0,1.85,4.26,1.57
117,18.1,18.76,19.34,0.43,0,1.85,4.26,1.57
118,18.1,18.73,19.34,0.42,0,2.09,4.99,1.85
119,18.1,18.72,19.34,0.42,0,1.85,4.26,1.57
120,17.97,18.64,19.34,0.45,0,2.09,6.22,2.36
121,17.97,18.63,19.34,0.45,0,2.09,6.22,2.36
122,17.97,18.63,19.34,0.45,0,2.09,6.22,2.36
123,17.97,18.62,19.34,0.45,0,2.09,6.22,2.36
124,17.97,18.61,19.34,0.46,0,2.09,6.22,2.36
125,17.97,18.59,19.25,0.43,0,2.15,6.22,2.39
126,17.97,18.59,19.25,0.43,0,2.15,6.22,2.39
127,17.84,18.54,19.25,0.44,0,2.32,6.22,2.28
128,17.84,18.49,19.17,0.38,0,2.01,6.22,2.2
129,17.84,18.48,19.17,0.38,0,1.65,6.22,2.2
130,17.84,18.48,19.17,0.38,0,1.65,6.22,2.2
131,17.84,18.47,19.17,0.39,0,1.65,6.22,2.2
132,17.84,18.43,19.12,0.39,0,1.91,6.22,2.14
133,17.84,18.43,19.12,0.39,0,1.91,6.22,2.14
134,17.84,18.43,19.12,0.39,0,1.91,6.22,2.14
135,17.82,18.41,19.12,0.4,0,1.65,6.22,2.2
136,17.82,18.41,19.12,0.4,0,1.65,6.22,2.2
137,17.82,18.37,19.12,0.41,0,1.48,6.22,2.26
138,17.82,18.36,19.12,0.4,0,1.48,6.22,2.26
139,17.7,18.28,19.12,0.47,0,1.46,6.22,2.28
140,17.7,18.27,19.11,0.47,0,1.46,6.22,2.28
141,17.7,18.21,19.11,0.42,0,1.46,6.22,2.28
142,17.7,18.2,19.11,0.43,0,1.46,6.22,2.28
143,17.7,18.19,19.11,0.43,0,1.63,6.22,2.22
144,17.7,18.19,19.11,0.43,0,1.63,6.22,2.22
145,17.42,18.09,19.11,0.51,0,1.47,4.99,1.88
146,17.42,18.09,19.11,0.51,0,1.47,4.99,1.88
147,17.42,18.09,19.11,0.5,0,1.47,4.99,1.88
148,17.42,18.09,19.11,0.5,0,1.47,4.99,1.88
149,17.42,18.07,18.94,0.47,0,1.47,4.99,1.88
150,17.42,18.06,18.94,0.47,0,1.3,4.99,1.93
151,17.42,18.02,18.93,0.48,0,1.3,4.99,1.93
152,17.42,18.02,18.93,0.49,0,1.3,4.99,1.93
153,17.42,18,18.93,0.49,0,1.3,4.99,1.93
154,17.13,17.94,18.92,0.56,0,1.53,4.99,1.98
155,17.13,17.93,18.88,0.55,0,1.53,4.99,1.98
156,17.13,17.91,18.88,0.55,0,1.53,4.99,1.98
157,17.13,17.9,18.88,0.54,0,1.53,4.99,1.98
158,17.13,17.87,18.88,0.55,0,1.53,4.99,1.98
159,17.13,17.87,18.88,0.55,0,1.53,4.99,1.98
160,17.13,17.86,18.88,0.55,0,1.53,4.99,1.98
161,17.13,17.84,18.69,0.52,0,1.73,4.99,1.91
162,17.13,17.81,18.69,0.54,0,1.27,4.99,1.68
163,17.13,17.81,18.69,0.54,0,1.27,4.99,1.68
164,17.13,17.75,18.51,0.52,0,1.23,4.99,1.67
165,17.13,17.73,18.5,0.54,0,0.97,2.94,1.12
166,17.09,17.68,18.5,0.54,0,0.97,2.94,1.12
167,17.09,17.64,18.5,0.51,0,0.97,2.94,1.12
168,16.92,17.59,18.34,0.51,0,0.98,2.66,1.11
169,16.92,17.57,18.34,0.52,0,0.91,2.66,1.08
170,16.92,17.56,18.34,0.53,0,1.27,4.59,1.47
171,16.92,17.56,18.34,0.53,0,1.27,4.59,1.47
172,16.92,17.55,18.34,0.54,0,1.27,4.59,1.47
173,16.92,17.41,18.29,0.44,0,0.81,2.34,0.94
174,16.92,17.39,18.27,0.44,0,0.81,2.34,0.94
175,16.92,17.39,18.27,0.44,0,0.81,2.34,0.94
176,16.91,17.39,18.27,0.44,0,0.81,2.34,0.94
177,16.9,17.38,18.27,0.44,0,0.81,2.34,0.94
178,16.65,17.32,18.27,0.51,0,1.07,2.57,1.04
179,16.65,17.32,18.23,0.5,0,1.07,2.57,1.04
180,16.6,17.3,18.23,0.51,0,1.07,2.57,1.04
181,16.6,17.25,18.23,0.48,0,1.07,2.57,1.04
182,16.6,17.25,18.23,0.48,0,1.07,2.57,1.04
183,16.6,17.22,18.1,0.45,0,1.13,2.57,1.05
184,16.41,17.2,18.1,0.48,0,1.13,2.57,1.05
185,16.41,17.18,18.06,0.48,0,1.13,2.57,1.05
186,16.41,17.18,18.06,0.48,0,1.16,2.57,1.03
187,16.36,17.14,18.06,0.48,0,1.13,2.57,1.05
188,16.36,17.14,18.06,0.48,0,1.13,2.57,1.05
189,16.36,17.12,18.06,0.48,0,1.13,2.57,1.05
190,16.36,17.11,18.06,0.48,0,0.99,2.57,1.01
191,16.36,17.11,18.06,0.48,0,0.99,2.57,1.01
192,16.36,17.11,18.06,0.48,0,0.99,2.57,1.01
193,16.36,17.1,18.06,0.48,0,0.99,2.57,1.01
194,16.36,17.1,18.06,0.48,0,0.99,2.57,1.01
195,16.33,17.04,18.06,0.52,0,0.99,2.57,1.01
196,16.24,16.96,17.96,0.58,0,0.83,2.57,1.03
197,16.04,16.92,17.92,0.62,0,1.09,2.66,1.13
198,16.04,16.9,17.92,0.62,0,1.09,2.66,1.13
199,16.04,16.9,17.92,0.62,0,1.09,2.66,1.13
200,16.04,16.89,17.92,0.62,0,1.09,2.66,1.13
201,16.04,16.86,17.92,0.6,0,1.06,2.66,1.16
202,16.04,16.83,17.78,0.58,0,0.53,2.64,0.86
203,16.04,16.81,17.63,0.55,0,0.53,2.64,0.86
204,15.51,16.73,17.63,0.67,0,0.55,2.64,0.85
205,15.51,16.66,17.63,0.66,0,1.01,4.59,1.51
206,15.51,16.63,17.62,0.63,0,0.55,2.64,0.85
207,15.51,16.61,17.45,0.6,0,0.55,2.64,0.85
208,15.51,16.61,17.43,0.6,0,0.55,2.64,0.85
209,15.46,16.6,17.43,0.61,0,0.55,2.64,0.85
210,15.46,16.54,17.35,0.62,0,0.53,2.64,0.86
211,15.46,16.54,17.35,0.62,0,0.53,2.64,0.86
212,15.44,16.53,17.35,0.63,0,0.53,2.64,0.86
213,15.44,16.51,17.35,0.62,0,0.53,2.64,0.86
214,15.44,16.49,17.35,0.62,0,0.53,2.64,0.86
215,15.44,16.47,17.25,0.62,0,0.57,2.34,0.76
216,15.44,16.4,17.24,0.56,0,0.57,2.34,0.76
217,15.42,16.38,17.24,0.58,0,0.57,2.34,0.76
218,15.41,16.37,17.24,0.58,0,0.57,2.34,0.76
219,15.41,16.36,17.18,0.57,0,0.57,2.34,0.76
220,15.41,16.36,17.18,0.57,0,0.57,2.34,0.76
221,15.41,16.35,17.18,0.57,0,0.57,2.34,0.76
222,15.41,16.3,17.18,0.55,0,1.19,6.22,1.91
223,15.34,16.26,16.86,0.51,0,1.19,6.22,1.91
224,15.13,16.23,16.86,0.56,0,1.19,6.22,1.91
225,15.13,16.21,16.86,0.58,0,1.19,6.22,1.91
226,15.13,16.21,16.86,0.58,0,1.19,6.22,1.91
227,15.13,16.2,16.86,0.57,0,1.41,6.22,2.03
228,15.13,16.2,16.86,0.57,0,1.41,6.22,2.03
229,15.13,16.19,16.86,0.57,0,1.41,6.22,2.03
230,14.94,16.14,16.86,0.63,0,1.71,6.22,2.16
231,14.94,16.13,16.86,0.63,0,1.71,6.22,2.16
232,14.94,16.13,16.86,0.63,0,1.71,6.22,2.16
233,14.94,16.12,16.86,0.62,0,1.48,6.22,2.09
234,14.94,16.12,16.86,0.62,0,1.19,6.22,1.91
235,14.94,16.08,16.86,0.6,0,1.12,6.22,1.93
236,14.83,16.06,16.86,0.63,0,1.12,6.22,1.93
237,14.83,15.98,16.86,0.57,0,0.5,2.34,0.74
238,14.83,15.97,16.86,0.57,0,0.5,2.34,0.74
239,14.82,15.96,16.86,0.58,0,0.5,2.34,0.74
240,13.82,15.85,16.86,0.83,0,0.79,3.9,1.31
241,13.81,15.85,16.86,0.83,0,0.79,3.9,1.31
242,13.81,15.8,16.86,0.82,0,0.79,3.9,1.31
243,13.81,15.78,16.86,0.82,0,0.86,3.9,1.3
244,13.81,15.74,16.7,0.79,0,0.86,3.9,1.3
245,13.81,15.74,16.7,0.78,0,0.86,3.9,1.3
246,13.81,15.73,16.7,0.78,0,0.86,3.9,1.3
247,13.81,15.73,16.7,0.79,0,0.86,3.9,1.3
248,13.81,15.73,16.7,0.79,0,0.86,3.9,1.3
249,13.81,15.73,16.7,0.79,0,0.86,3.9,1.3
250,13.74,15.63,16.7,0.84,0,0.89,3.9,1.29
251,13.74,15.61,16.7,0.81,0,0.89,3.9,1.29
252,13.74,15.61,16.69,0.82,0,0.81,3.9,1.29
253,13.73,15.6,16.69,0.82,0,0.89,3.9,1.29
254,13.73,15.59,16.69,0.82,0,0.89,3.9,1.29
255,13.73,15.59,16.69,0.82,0,0.89,3.9,1.29
256,13.73,15.57,16.69,0.83,0,0.89,3.9,1.29
257,13.73,15.56,16.69,0.83,0,0.89,3.9,1.29
258,13.68,15.56,16.69,0.85,0,0.89,3.9,1.29
259,13.68,15.54,16.69,0.85,0,0.81,3.9,1.29
260,13.68,15.51,16.69,0.84,0,0.81,3.9,1.29
261,13.68,15.51,16.69,0.84,0,0.81,3.9,1.29
262,13.68,15.49,16.69,0.86,0,0.81,3.9,1.29
263,13.68,15.42,16.66,0.91,0,0.81,3.9,1.29
264,13.68,15.39,16.66,0.92,0,0.81,3.9,1.29
265,13.68,15.38,16.66,0.91,0,0.81,3.9,1.29
266,13.68,15.36,16.66,0.9,0,0.89,3.9,1.29
267,13.68,15.33,16.66,0.94,0,0.89,3.9,1.29
268,13.68,15.27,16.66,0.93,0,0.83,3.9,1.32
269,13.68,15.27,16.66,0.93,0,0.83,3.9,1.32
270,13.68,15.27,16.66,0.93,0,0.83,3.9,1.32
271,13.68,15.27,16.66,0.93,0,0.83,3.9,1.32
272,13.68,15.27,16.66,0.93,0,0.83,3.9,1.32
273,13.68,15.26,16.66,0.94,0,0.83,3.9,1.32
274,13.68,15.26,16.66,0.94,0,0.53,2.34,0.77
275,13.68,15.25,16.66,0.94,0,0.53,2.34,0.77
276,13.68,15.25,16.66,0.93,0,0.53,2.34,0.77
277,13.68,15.2,16.66,0.92,0,0.74,2.34,0.88
278,13.68,15.19,16.66,0.92,0,0.74,2.34,0.88
279,13.68,15.19,16.66,0.92,0,0.74,2.34,0.88
280,13.68,15.19,16.66,0.91,0,0.74,2.34,0.88
281,13.46,15.15,16.53,0.93,0,0.74,2.34,0.88
282,13.46,15.13,16.53,0.91,0,0.74,2.34,0.88
283,13.46,15.12,16.53,0.93,0,0.74,2.34,0.88
284,13.46,15.11,16.53,0.93,0,0.74,2.34,0.88
285,13.46,15.08,16.53,0.91,0,0.67,2.34,0.87
286,13.39,15.05,16.32,0.89,0,0.67,2.34,0.87
287,13.39,15.03,16.32,0.91,0,0.67,2.34,0.87
288,13.39,15.03,16.32,0.91,0,0.67,2.34,0.87
289,13.39,15,16.32,0.9,0,0.67,2.34,0.87
290,13.39,15,16.32,0.9,0,0.67,2.34,0.87
291,13.39,14.98,16.32,0.92,0,0.67,2.34,0.87
292,13.39,14.94,16.32,0.92,0,0.67,2.34,0.87
293,13.39,14.93,16.32,0.92,0,0.67,2.34,0.87
294,13.39,14.92,16.32,0.93,0,0.67,2.34,0.87
295,13.39,14.92,16.32,0.93,0,0.67,2.34,0.87
296,13.39,14.91,16.32,0.93,0,0.74,2.34,0.88
297,13.39,14.91,16.32,0.93,0,0.74,2.34,0.88
298,13.36,14.81,16.32,1.03,0,0.74,2.34,0.88
299,13.36,14.75,16.02,0.97,0,0.68,2.34,0.86
300,13.36,14.72,15.89,0.94,0,0.68,2.34,0.86
301,13.36,14.68,15.71,0.91,0,0.68,2.34,0.86
302,13.36,14.67,15.71,0.9,0,0.68,2.34,0.86
303,13.36,14.65,15.71,0.92,0,0.68,2.34,0.86
304,13.36,14.64,15.71,0.9,0,0.68,2.34,0.86
305,13.36,14.6,15.63,0.9,0,0.68,2.34,0.86
306,12.97,14.51,15.63,1.01,0,0.68,2.34,0.86
307,12.97,14.49,15.63,1.01,0,0.68,2.34,0.86
308,12.97,14.49,15.63,1.01,0,0.68,2.34,0.86
309,12.97,14.46,15.63,1.03,0,0.68,2.34,0.86
310,12.97,14.44,15.63,1.01,0,0.68,2.34,0.86
311,12.97,14.44,15.63,1.01,0,0.68,2.34,0.86
312,12.89,14.43,15.63,1.02,0,0.68,2.34,0.86
313,12.89,14.42,15.63,1.03,0,0.68,2.34,0.86
314,12.89,14.38,15.63,1.06,0,0.47,2.34,0.74
315,12.88,14.35,15.63,1.06,0,0.47,2.34,0.74
316,12.88,14.35,15.63,1.06,0,0.47,2.34,0.74
317,12.88,14.32,15.63,1.05,0,0.47,2.34,0.74
318,12.88,14.22,15.63,1.03,0,0.47,2.34,0.74
319,12.88,14.22,15.63,1.03,0,0.47,2.34,0.74
320,12.03,14.13,15.63,1.18,0,0.47,2.34,0.74
321,12.03,14.13,15.63,1.18,0,0.47,2.34,0.74
322,12.03,14.11,15.63,1.16,0,0.82,3.5,1.18
323,12.03,14.07,15.63,1.15,0,0.82,3.5,1.18
324,11.94,14.06,15.63,1.17,0,0.82,3.5,1.18
325,11.94,14.04,15.63,1.15,0,0.82,3.5,1.18
326,11.94,13.99,15.63,1.17,0,0.82,3.5,1.18
327,11.94,13.99,15.63,1.17,0,0.82,3.5,1.18
328,11.94,13.93,15.63,1.17,0,0.82,3.5,1.18
329,11.94,13.9,15.63,1.14,0,0.82,3.5,1.18
330,11.94,13.87,15.63,1.15,0,0.82,3.5,1.18
331,11.94,13.87,15.63,1.15,0,0.82,3.5,1.18
332,11.94,13.86,15.63,1.16,0,0.82,3.5,1.18
333,11.94,13.83,15.63,1.18,0,0.82,3.5,1.18
334,11.94,13.82,15.59,1.18,0,0.82,3.5,1.18
335,11.94,13.82,15.59,1.17,0,0.82,3.5,1.18
336,11.94,13.82,15.59,1.17,0,0.82,3.5,1.18
337,11.94,13.82,15.59,1.17,0,0.82,3.5,1.18
338,11.94,13.82,15.59,1.17,0,0.82,3.5,1.18
339,11.94,13.81,15.59,1.16,0,0.82,3.5,1.18
340,11.94,13.79,15.59,1.16,0,0.82,3.5,1.18
341,11.94,13.79,15.59,1.16,0,0.82,3.5,1.18
342,11.94,13.76,15.59,1.14,0,0.82,3.5,1.18
343,11.94,13.76,15.59,1.14,0,0.82,3.5,1.18
344,11.94,13.71,15.59,1.19,0,0.82,3.5,1.18
345,11.94,13.69,15.59,1.17,0,0.47,2.34,0.74
346,11.92,13.62,15.59,1.24,0,0.47,2.34,0.74
347,11.92,13.57,15.59,1.21,0,0.47,2.34,0.74
348,11.92,13.52,15.59,1.22,0,0.47,2.34,0.74
349,11.92,13.52,15.59,1.22,0,0.47,2.34,0.74
350,11.92,13.41,15.59,1.15,0,0.82,3.5,1.18
351,11.92,13.37,15.59,1.14,0,0.82,3.5,1.18
352,11.92,13.29,14.79,0.98,0,0.82,3.5,1.18
353,11.92,13.29,14.79,0.98,0,0.82,3.5,1.18
354,11.92,13.24,14.59,0.94,0,0.82,3.5,1.18
355,11.92,13.24,14.59,0.94,0,0.82,3.5,1.18
356,11.92,13.22,14.59,0.94,0,0.82,3.5,1.18
357,11.92,13.22,14.59,0.94,0,0.82,3.5,1.18
358,11.92,13.17,14.59,0.94,0,1.26,4.42,1.6
359,11.92,13.17,14.59,0.94,0,1.26,4.42,1.6
360,11.92,13.11,14.47,0.86,0,1.56,4.42,1.79
361,11.92,13.02,14.06,0.76,0,1.56,4.42,1.79
362,11.85,13.01,14.06,0.77,0,1.56,4.42,1.79
363,11.85,13,14.06,0.76,0,1.56,4.42,1.79
364,11.85,12.96,14.06,0.73,0,1.56,4.42,1.79
365,11.72,12.95,14.06,0.76,0,1.56,4.42,1.79
366,11.72,12.95,14.06,0.76,0,1.56,4.42,1.79
367,11.72,12.84,14.06,0.78,0,1.56,4.42,1.79
368,11.72,12.79,14.06,0.77,0,1.63,4.42,1.76
369,11.72,12.79,14.06,0.77,0,1.63,4.42,1.76
370,11.72,12.77,14.06,0.79,0,1.63,4.42,1.76
371,11.72,12.74,14.06,0.8,0,1.63,4.42,1.76
372,11.72,12.72,14.06,0.8,0,1.63,4.42,1.76
373,11.72,12.7,14.06,0.8,0,1.18,3.9,1.52
374,11.72,12.68,14.06,0.79,0,1.18,3.9,1.52
375,11.72,12.68,14.06,0.79,0,1.18,3.9,1.52
376,11.72,12.67,14.06,0.79,0,1.18,3.9,1.52
377,11.72,12.63,14.06,0.82,0,1.18,3.9,1.52
378,11.72,12.54,13.78,0.73,0,0.89,3.5,1.18
379,11.72,12.54,13.78,0.73,0,0.89,3.5,1.18
380,11.72,12.52,13.55,0.69,0,0.89,3.5,1.18
381,11.72,12.43,13.55,0.61,0,0.89,3.5,1.18
382,11.65,12.42,13.55,0.62,0,0.89,3.5,1.18
383,11.57,12.4,13.55,0.64,0,0.89,3.5,1.18
384,11.57,12.4,13.55,0.64,0,0.89,3.5,1.18
385,11.57,12.4,13.55,0.64,0,0.89,3.5,1.18
386,11.57,12.37,13.55,0.64,0,0.89,3.5,1.18
387,11.57,12.37,13.55,0.64,0,0.89,3.5,1.18
388,11.57,12.34,13.55,0.63,0,0.89,3.5,1.18
389,11.57,12.31,13.55,0.63,0,0.89,3.5,1.18
390,11.57,12.31,13.55,0.64,0,0.89,3.5,1.18
391,11.57,12.27,13.55,0.65,0,0.89,3.5,1.18
392,11.57,12.25,13.5,0.64,0,0.89,3.5,1.18
393,11.57,12.24,13.5,0.64,0,0.89,3.5,1.18
394,11.57,12.24,13.46,0.64,0,0.89,3.5,1.18
395,11.57,12.21,13.46,0.66,0,0.89,3.5,1.18
396,10.86,12.07,13.46,0.78,0,0.89,3.5,1.18
397,10.86,12.07,13.46,0.78,0,0.54,2.34,0.76
398,10.86,12.01,13.46,0.74,0,0.54,2.34,0.76
399,10.86,11.98,13.21,0.68,0,0.54,2.34,0.76
400,10.86,11.98,13.21,0.68,0,0.54,2.34,0.76
401,10.86,11.96,13,0.64,0,0.54,2.34,0.76
402,10.86,11.94,13,0.61,0,0.54,2.34,0.76
403,10.86,11.9,12.62,0.55,0,0.54,2.34,0.76
404,10.86,11.9,12.62,0.55,0,0.54,2.34,0.76
405,10.86,11.8,12.62,0.5,0,0.75,2.34,0.87
406,10.86,11.8,12.62,0.5,0,0.75,2.34,0.87
407,10.86,11.73,12.62,0.5,0,0.75,2.34,0.87
408,10.86,11.71,12.62,0.5,0,0.75,2.34,0.87
409,10.86,11.7,12.58,0.5,0,0.75,2.34,0.87
410,10.86,11.7,12.58,0.5,0,0.75,2.34,0.87
411,10.86,11.65,12.58,0.51,0,0.75,2.34,0.87
412,10.86,11.62,12.58,0.51,0,0.75,2.34,0.87
413,10.39,11.57,12.58,0.6,0,0.75,2.34,0.87
414,10.39,11.55,12.58,0.6,0,0.75,2.34,0.87
415,10.39,11.53,12.58,0.6,0,0.54,2.34,0.76
416,10.39,11.5,12.58,0.63,0,0.54,2.34,0.76
417,10.26,11.4,12.53,0.73,0,0.54,2.34,0.76
418,10.26,11.36,12.53,0.76,0,0.54,2.34,0.76
419,10.26,11.36,12.53,0.76,0,0.54,2.34,0.76
420,10.21,11.35,12.53,0.78,0,0.54,2.34,0.76
421,10.21,11.34,12.53,0.76,0,0.54,2.34,0.76
422,9.76,11.27,12.53,0.87,0,0.54,2.34,0.76
423,9.76,11.27,12.53,0.87,0,0.54,2.34,0.76
424,9.76,11.26,12.53,0.88,0,0.54,2.34,0.76
425,9.76,11.23,12.53,0.88,0,0.54,2.34,0.76
426,9.76,11.21,12.3,0.84,0,0.54,2.34,0.76
427,9.76,11.19,12.3,0.83,0,0.54,2.34,0.76
428,9.76,11.18,12.3,0.83,0,0.54,2.34,0.76
429,9.76,11.17,12.3,0.83,0,0.54,2.34,0.76
430,9.76,11.15,12.3,0.84,0,0.54,2.34,0.76
431,9.72,11.11,12.3,0.83,0,0.54,2.34,0.76
432,9.72,11.11,12.3,0.84,0,0.54,2.34,0.76
433,9.55,11.09,12.3,0.87,0,0.54,2.34,0.76
434,9.55,11.09,12.3,0.87,0,0.54,2.34,0.76
435,9.55,11.09,12.3,0.87,0,0.54,2.34,0.76
436,9.55,11.09,12.3,0.87,0,0.54,2.34,0.76
437,9.55,11.09,12.3,0.87,0,0.54,2.34,0.76
438,9.55,11.09,12.3,0.87,0,0.54,2.34,0.76
439,9.55,11.04,12.3,0.92,0,0.54,2.34,0.76
440,9.42,10.99,12.18,0.9,0,0.54,2.34,0.76
441,9.41,10.86,12.18,0.99,0,0.54,2.34,0.76
442,9.33,10.85,12.18,1,0,0.54,2.34,0.76
443,9.31,10.84,12.18,1,0,0.54,2.34,0.76
444,9.31,10.84,12.18,1,0,0.54,2.34,0.76
445,9.31,10.8,12.18,0.97,0,0.54,2.34,0.76
446,9.31,10.8,12.18,0.97,0,0.54,2.34,0.76
447,9.31,10.76,12.18,0.98,0,0.54,2.34,0.76
448,9.31,10.74,11.97,0.95,0,0.54,2.34,0.76
449,9.31,10.69,11.97,0.95,0,0.63,2.34,0.75
450,9.31,10.68,11.97,0.95,0,0.63,2.34,0.75
451,9.31,10.66,11.97,0.94,0,0.63,2.34,0.75
452,9.31,10.59,11.73,0.87,0,0.63,2.34,0.75
453,9.31,10.58,11.73,0.89,0,0.63,2.34,0.75
454,9.08,10.55,11.73,0.93,0,0.63,2.34,0.75
455,9.08,10.54,11.73,0.92,0,0.63,2.34,0.75
456,9.08,10.54,11.73,0.92,0,0.63,2.34,0.75
457,9.08,10.53,11.69,0.91,0,0.63,2.34,0.75
458,9.08,10.53,11.69,0.91,0,0.63,2.34,0.75
459,8.94,10.49,11.69,0.91,0,0.63,2.34,0.75
460,8.94,10.48,11.69,0.9,0,0.63,2.34,0.75
461,8.94,10.46,11.69,0.92,0,0.63,2.34,0.75
462,8.85,10.45,11.69,0.94,0,0.63,2.34,0.75
463,8.85,10.39,11.69,0.93,0,0.6,2.34,0.74
464,8.85,10.36,11.69,0.98,0,0.6,2.34,0.74
465,8.85,10.32,11.63,0.96,0,0.6,2.34,0.74
466,8.85,10.32,11.63,0.97,0,0.6,2.34,0.74
467,8.85,10.29,11.63,0.97,0,0.6,2.34,0.74
468,8.85,10.28,11.63,0.96,0,0.67,2.34,0.81
469,8.85,10.25,11.43,0.92,0,0.6,2.34,0.83
470,8.85,10.25,11.43,0.92,0,0.6,2.34,0.83
471,8.85,10.22,11.43,0.9,0,0.6,2.34,0.83
472,8.85,10.21,11.27,0.88,0,0.6,2.34,0.83
473,8.85,10.13,11.27,0.85,0,0.67,2.34,0.81
474,8.85,10.1,11.22,0.84,0,0.67,2.34,0.81
475,8.85,10.09,11.18,0.83,0,0.67,2.34,0.81
476,8.85,10.09,11.18,0.83,0,0.67,2.34,0.81
477,8.76,10.04,11.18,0.85,0,0.67,2.34,0.81
478,8.76,9.93,11.18,0.81,0,0.67,2.34,0.81
479,8.69,9.91,11.18,0.83,0,0.67,2.34,0.81
480,8.69,9.91,11.13,0.83,0,0.6,2.34,0.8
481,8.69,9.9,11.13,0.82,0,0.6,2.34,0.8
482,8.6,9.89,11.13,0.83,0,0.6,2.34,0.8
483,8.6,9.78,10.6,0.71,0,0.6,2.34,0.8
484,8.6,9.68,10.6,0.75,0,0.6,2.34,0.8
485,8.6,9.67,10.6,0.75,0,0.6,2.34,0.8
486,8.6,9.67,10.6,0.75,0,0.6,2.34,0.8
487,8.56,9.66,10.6,0.77,0,0.6,2.34,0.8
488,8.56,9.59,10.6,0.76,0,0.66,2.34,0.89
489,8.56,9.59,10.59,0.76,0,0.66,2.34,0.89
490,8.47,9.58,10.59,0.78,0,0.66,2.34,0.89
491,8.38,9.49,10.59,0.75,0,0.66,2.34,0.89
492,8.38,9.49,10.59,0.75,0,0.66,2.34,0.89
493,8.38,9.49,10.59,0.75,0,0.66,2.34,0.89
494,8.38,9.37,10.07,0.64,0,0.69,2.34,0.9
495,8.38,9.35,10.07,0.63,0,0.69,2.34,0.9
496,8.38,9.35,10.07,0.63,0,0.69,2.34,0.9
497,8.38,9.32,10.07,0.65,0,0.67,2.34,0.93
498,8.38,9.32,10.07,0.65,0,0.67,2.34,0.93
499,8.38,9.32,10.07,0.65,0,0.67,2.34,0.93
500,8.38,9.32,10.07,0.65,0,0.76,2.34,0.9
